ADAPTIVE_CONTROLLER_ENABLE	app_runtime	runtime/app_runtime.py
ADAPTIVE_DISABLE_MV_HINTS	app_runtime	runtime/app_runtime.py
ADAPTIVE_GUARD_BUDGET_BASE	app_runtime	runtime/app_runtime.py
ADAPTIVE_GUARD_BUDGET_WINDOW	app_runtime	runtime/app_runtime.py
ADAPTIVE_GUARD_EMA_DECAY	app_runtime	runtime/app_runtime.py
ADAPTIVE_GUARD_ENABLE	app_runtime	runtime/app_runtime.py
ADAPTIVE_GUARD_HYSTERESIS_STEPS	app_runtime	runtime/app_runtime.py
ADAPTIVE_GUARD_INTERVENTION_TARGET	app_runtime	runtime/app_runtime.py
ADAPTIVE_GUARD_LEARN_RATE	app_runtime	runtime/app_runtime.py
ADAPTIVE_GUARD_LEGACY_MIN_STRENGTH	app_runtime	runtime/app_runtime.py
ADAPTIVE_GUARD_LEGACY_STRENGTH_INIT	app_runtime	runtime/app_runtime.py
ADAPTIVE_GUARD_PENALTY_FLOOR	app_runtime	runtime/app_runtime.py
ADAPTIVE_GUARD_UTILITY_TARGET	app_runtime	runtime/app_runtime.py
ADAPTIVE_HIDDEN_MIN	app_runtime	runtime/app_runtime.py
ADAPTIVE_MAX_SCORE_ADJUST	app_runtime	runtime/app_runtime.py
ADAPTIVE_OUTCOME_SCALE	app_runtime	runtime/app_runtime.py
ADAPTIVE_POLICY_EPSILON	app_runtime	runtime/app_runtime.py
ADAPTIVE_POLICY_MIN_PRED_GAP	app_runtime	runtime/app_runtime.py
ADAPTIVE_POLICY_MIN_STEPS	app_runtime	runtime/app_runtime.py
ADAPTIVE_POLICY_MODE	app_runtime	runtime/app_runtime.py
ADAPTIVE_POLICY_SCORE_MARGIN	app_runtime	runtime/app_runtime.py
ADAPTIVE_PROGRESS_AUTO_TUNE	app_runtime	runtime/app_runtime.py
ADAPTIVE_PROGRESS_REPORT_ENABLE	app_runtime	runtime/app_runtime.py
ADAPTIVE_PROGRESS_REPORT_INTERVAL_STEPS	app_runtime	runtime/app_runtime.py
ADAPTIVE_PROGRESS_REPORT_MAX_NOTES_CHARS	app_runtime	runtime/app_runtime.py
ADAPTIVE_PROGRESS_REPORT_MODEL	app_runtime	runtime/app_runtime.py
ADAPTIVE_REPLAY_BATCH	app_runtime	runtime/app_runtime.py
ADAPTIVE_REPLAY_BUFFER_SIZE	app_runtime	runtime/app_runtime.py
ADAPTIVE_REPLAY_ENABLE	app_runtime	runtime/app_runtime.py
ADAPTIVE_REPLAY_UPDATES	app_runtime	runtime/app_runtime.py
ADAPTIVE_SAVE_INTERVAL_STEPS	app_runtime	runtime/app_runtime.py
ADAPTIVE_SCORE_BLEND	app_runtime	runtime/app_runtime.py
ANTI_OSCILLATION_SOFT_ENABLE	app_runtime	runtime/app_runtime.py
ANTI_OSCILLATION_SOFT_FRONTIER_BONUS	app_runtime	runtime/app_runtime.py
ANTI_OSCILLATION_SOFT_HAZARD_BOOST	app_runtime	runtime/app_runtime.py
ANTI_OSCILLATION_SOFT_MARGIN	app_runtime	runtime/app_runtime.py
ANTI_OSCILLATION_SOFT_PENALTY	app_runtime	runtime/app_runtime.py
ANTI_OSCILLATION_SOFT_REPEAT_BOOST	app_runtime	runtime/app_runtime.py
ATTEMPT_DEAD_END_ESCALATION	app_runtime	runtime/app_runtime.py
BACKTRACK_PENALTY_WEIGHT	app_runtime	runtime/app_runtime.py
BIO_NAV_CORRIDOR_FLOW_WEIGHT	app_runtime	runtime/app_runtime.py
BIO_NAV_DEAD_END_ESCAPE_WEIGHT	app_runtime	runtime/app_runtime.py
BIO_NAV_DEAD_END_PREDICTIVE_PENALTY	app_runtime	runtime/app_runtime.py
BIO_NAV_ENABLE	app_runtime	runtime/app_runtime.py
BIO_NAV_LOOP_RISK_PENALTY	app_runtime	runtime/app_runtime.py
BIO_NAV_NOVELTY_SCALE	app_runtime	runtime/app_runtime.py
BIO_NAV_OPENING_WEIGHT	app_runtime	runtime/app_runtime.py
BLOCKER_DENSITY	app_runtime	runtime/app_runtime.py
BOXED_CORRIDOR_NO_EXIT_PENALTY	app_runtime	runtime/app_runtime.py
BRANCH_RECENT_FRONTIER_MAX_DISTANCE	app_runtime	runtime/app_runtime.py
BRANCH_RECENT_FRONTIER_WINDOW	app_runtime	runtime/app_runtime.py
BRANCH_TIGHTENING_ABORT_PENALTY	app_runtime	runtime/app_runtime.py
BRANCH_TIGHTENING_ABORT_THRESHOLD	app_runtime	runtime/app_runtime.py
BRANCH_TIGHTENING_ESCAPE_BONUS	app_runtime	runtime/app_runtime.py
CAUSE_EFFECT_MEMORY_WEIGHT	app_runtime	runtime/app_runtime.py
CAUSE_EFFECT_PRUNING_INTERVAL_STEPS	app_runtime	runtime/app_runtime.py
CAUSE_EFFECT_RETRIEVAL_MIN_SIMILARITY	app_runtime	runtime/app_runtime.py
CAUSE_EFFECT_RETRIEVAL_TOP_K	app_runtime	runtime/app_runtime.py
CAUSE_EFFECT_SEMANTIC_MAX_ROWS	app_runtime	runtime/app_runtime.py
CAUSE_EFFECT_SEMANTIC_PRUNE_ABS_OUTCOME_MAX	app_runtime	runtime/app_runtime.py
CAUSE_EFFECT_SEMANTIC_PRUNE_ENABLE	app_runtime	runtime/app_runtime.py
CAUSE_EFFECT_SEMANTIC_PRUNE_RECALL_MAX	app_runtime	runtime/app_runtime.py
CAUSE_EFFECT_SEMANTIC_PRUNE_STRENGTH_THRESHOLD	app_runtime	runtime/app_runtime.py
CAUSE_EFFECT_STM_MAX_ROWS	app_runtime	runtime/app_runtime.py
CAUSE_EFFECT_VECTOR_DIM	app_runtime	runtime/app_runtime.py
CHALLENGE_MODE_DEFAULT_ON	app_runtime	runtime/app_runtime.py
CHALLENGE_MODE_FORCE_HARD_DIFFICULTY	app_runtime	runtime/app_runtime.py
CHALLENGE_MODE_RANDOMIZE_START_ON_ENABLE	app_runtime	runtime/app_runtime.py
CHALLENGE_MODE_RUN_LENGTH	app_runtime	runtime/app_runtime.py
CONSTRUCTIVE_LEARNING_CREDIT_CAP	app_runtime	runtime/app_runtime.py
CONSTRUCTIVE_LEARNING_CREDIT_SCALE	app_runtime	runtime/app_runtime.py
CONSTRUCTIVE_REINFORCEMENT_ONLY	app_runtime	runtime/app_runtime.py
CONSTRUCTIVE_STAGNATION_CREDIT	app_runtime	runtime/app_runtime.py
CORRIDOR_VERIFY_MARK_MIN_CLEAR_RUN	app_runtime	runtime/app_runtime.py
CORRIDOR_VERIFY_MARK_REWARD_BONUS	app_runtime	runtime/app_runtime.py
CORRIDOR_VERIFY_MARK_REWARD_ENABLE	app_runtime	runtime/app_runtime.py
CYCLE_GUARD_SCORE_MARGIN	app_runtime	runtime/app_runtime.py
CYCLE_PAIR_PENALTY_WEIGHT	app_runtime	runtime/app_runtime.py
CYCLE_TABOO_DURATION_STEPS	app_runtime	runtime/app_runtime.py
CYCLE_TABOO_THRESHOLD	app_runtime	runtime/app_runtime.py
CYCLE_TRANSITION_PENALTY_WEIGHT	app_runtime	runtime/app_runtime.py
DEAD_END_END_SLAP_PENALTY	app_runtime	runtime/app_runtime.py
DEAD_END_FRONTIER_DISTANCE_SCALE	app_runtime	runtime/app_runtime.py
DEAD_END_LEARNING_ALLOWANCE	app_runtime	runtime/app_runtime.py
DEAD_END_TIP_REVISIT_SLAP_PENALTY	app_runtime	runtime/app_runtime.py
DECISION_NOISE_WEIGHT	app_runtime	runtime/app_runtime.py
DEFAULT_MAZE_RUN_LENGTH	app_runtime	runtime/app_runtime.py
EASY_DEAD_END_SCALE	app_runtime	runtime/app_runtime.py
ENABLE_LOGIC_FINALIZER_FOR_NAVIGATION	app_runtime	runtime/app_runtime.py
ENABLE_LOGIC_REPETITION_RESOLVER	app_runtime	runtime/app_runtime.py
ENABLE_PATH_FALLBACK	app_runtime	runtime/app_runtime.py
ENABLE_PSEUDO3D_VIEW	app_runtime	runtime/app_runtime.py
ENDOCRINE_ENABLE	app_runtime	runtime/app_runtime.py
ENDOCRINE_EVENT_LOG_MAXLEN	app_runtime	runtime/app_runtime.py
ESCAPE_BIAS_BONUS	app_runtime	runtime/app_runtime.py
EXPLORATION_RANDOMIZE_TIES	app_runtime	runtime/app_runtime.py
EXPLORATION_TIE_BAND	app_runtime	runtime/app_runtime.py
EXPLORATION_TIE_NOISE	app_runtime	runtime/app_runtime.py
FAST_MODE_DISABLE_ADAPTIVE_PROGRESS_AUTO_TUNE	app_runtime	runtime/app_runtime.py
FAST_MODE_DISABLE_ADAPTIVE_PROGRESS_REPORT	app_runtime	runtime/app_runtime.py
FAST_MODE_DISABLE_SLEEP_AFTER_LOG_DUMP	app_runtime	runtime/app_runtime.py
FAST_MODE_DISABLE_SLEEP_AFTER_MAZE_COMPLETION	app_runtime	runtime/app_runtime.py
FAST_MODE_GAME_MOVE_DELAY_MS	app_runtime	runtime/app_runtime.py
FAST_MODE_LOOK_AROUND_PREVIEW_MS	app_runtime	runtime/app_runtime.py
FORCED_CORRIDOR_MEMORY_WINDOW	app_runtime	runtime/app_runtime.py
FORCED_CORRIDOR_REENTRY_PENALTY	app_runtime	runtime/app_runtime.py
FRONTIER_LOCK_FORCE_SCORE_GUARD_ENABLE	app_runtime	runtime/app_runtime.py
FRONTIER_LOCK_FORCE_SCORE_MARGIN	app_runtime	runtime/app_runtime.py
FRONTIER_LOCK_FRONTIER_THRESHOLD	app_runtime	runtime/app_runtime.py
FRONTIER_LOCK_LOOP_PENALTY	app_runtime	runtime/app_runtime.py
FRONTIER_LOCK_MEMORY_VETO_ENABLE	app_runtime	runtime/app_runtime.py
FRONTIER_LOCK_MEMORY_VETO_MARGIN	app_runtime	runtime/app_runtime.py
FRONTIER_LOCK_MEMORY_VETO_PENALTY	app_runtime	runtime/app_runtime.py
FRONTIER_LOCK_MEMORY_VETO_SCORE_MARGIN	app_runtime	runtime/app_runtime.py
FRONTIER_LOCK_MEMORY_VETO_WINDOW	app_runtime	runtime/app_runtime.py
FRONTIER_LOCK_RETRY_BONUS	app_runtime	runtime/app_runtime.py
FRONTIER_LOCK_UNKNOWN_THRESHOLD	app_runtime	runtime/app_runtime.py
FRONTIER_OVERRIDE_SCORE_MARGIN	app_runtime	runtime/app_runtime.py
GAME_MOVE_DELAY_MS	app_runtime	runtime/app_runtime.py
GOVERNANCE_ORCHESTRATOR_ENABLE	app_runtime	runtime/app_runtime.py
GOVERNANCE_POLICY_VERSION	app_runtime	runtime/app_runtime.py
HARD_DEAD_END_SCALE	app_runtime	runtime/app_runtime.py
HAZARD_PREPAREDNESS_ENABLE	app_runtime	runtime/app_runtime.py
HAZARD_PREPAREDNESS_MAX_PENALTY	app_runtime	runtime/app_runtime.py
HAZARD_PREPAREDNESS_MIN_SAMPLES	app_runtime	runtime/app_runtime.py
HAZARD_PREPAREDNESS_PENALTY_SCALE	app_runtime	runtime/app_runtime.py
HAZARD_PREPAREDNESS_RANK_DECAY	app_runtime	runtime/app_runtime.py
HAZARD_PREPAREDNESS_REWARD_RELIEF_SCALE	app_runtime	runtime/app_runtime.py
HAZARD_PREPAREDNESS_RISK_HIT_WEIGHT	app_runtime	runtime/app_runtime.py
HAZARD_PREPAREDNESS_SAFE_HIT_WEIGHT	app_runtime	runtime/app_runtime.py
HAZARD_PREPAREDNESS_WINDOW	app_runtime	runtime/app_runtime.py
HIGH_RISK_FRONTIER_OVERRIDE_BONUS	app_runtime	runtime/app_runtime.py
HORMONE_BOREDOM_REPEAT_WEIGHT	app_runtime	runtime/app_runtime.py
HORMONE_CAUTION_DANGER_WEIGHT	app_runtime	runtime/app_runtime.py
HORMONE_CONFIDENCE_RISK_BONUS	app_runtime	runtime/app_runtime.py
HORMONE_CURIOSITY_NOVELTY_WEIGHT	app_runtime	runtime/app_runtime.py
HORMONE_DEAD_END_PENALTY_SCALE	app_runtime	runtime/app_runtime.py
HORMONE_DISTRESS_DRIVE_RECOVERY_SCALE	app_runtime	runtime/app_runtime.py
HORMONE_DISTRESS_EXPLORATION_DRIVE_THRESHOLD	app_runtime	runtime/app_runtime.py
HORMONE_DISTRESS_PERSISTENCE_CAP	app_runtime	runtime/app_runtime.py
HORMONE_DISTRESS_PERSISTENCE_RELIEF_STEP	app_runtime	runtime/app_runtime.py
HORMONE_DISTRESS_RECOVERY_ENABLE	app_runtime	runtime/app_runtime.py
HORMONE_DISTRESS_RECOVERY_STEP	app_runtime	runtime/app_runtime.py
HORMONE_DISTRESS_RECOVERY_THRESHOLD	app_runtime	runtime/app_runtime.py
HORMONE_MOMENTUM_BONUS_WEIGHT	app_runtime	runtime/app_runtime.py
HORMONE_MV_TRUST_BONUS_WEIGHT	app_runtime	runtime/app_runtime.py
HORMONE_OUTCOME_PENALTY_CLIP	app_runtime	runtime/app_runtime.py
HORMONE_REPEAT_LOOP_PENALTY_SCALE	app_runtime	runtime/app_runtime.py
HORMONE_SATURATION_HIGH_START	app_runtime	runtime/app_runtime.py
HORMONE_SATURATION_LOW_END	app_runtime	runtime/app_runtime.py
HORMONE_SATURATION_MIN_SCALE	app_runtime	runtime/app_runtime.py
HORMONE_TERMINAL_BOXED_PENALTY_SCALE	app_runtime	runtime/app_runtime.py
HORMONE_TRAP_CHURN_PENALTY_SCALE	app_runtime	runtime/app_runtime.py
H_BOREDOM_DECAY	app_runtime	runtime/app_runtime.py
H_CAUTION_DECAY	app_runtime	runtime/app_runtime.py
H_CONFIDENCE_DECAY	app_runtime	runtime/app_runtime.py
H_CURIOSITY_DECAY	app_runtime	runtime/app_runtime.py
H_MV_TRUST_DECAY	app_runtime	runtime/app_runtime.py
H_PERSISTENCE_DECAY	app_runtime	runtime/app_runtime.py
IMMEDIATE_BACKTRACK_HARD_PENALTY	app_runtime	runtime/app_runtime.py
KERNEL_DEVELOPMENT_STAGE	app_runtime	runtime/app_runtime.py
KERNEL_PATTERN_CONFIDENCE_DECAY	app_runtime	runtime/app_runtime.py
KERNEL_PATTERN_CONFIDENCE_RECOVERY	app_runtime	runtime/app_runtime.py
KERNEL_PATTERN_UNCERTAINTY_GROWTH	app_runtime	runtime/app_runtime.py
KERNEL_PATTERN_UNCERTAINTY_RECOVERY	app_runtime	runtime/app_runtime.py
KERNEL_PROJECTION_REWARD_ENABLE	app_runtime	runtime/app_runtime.py
KERNEL_PROJECTION_REWARD_MAX	app_runtime	runtime/app_runtime.py
KERNEL_PROJECTION_REWARD_SCALE	app_runtime	runtime/app_runtime.py
KERNEL_UNCERTAINTY_ENABLE	app_runtime	runtime/app_runtime.py
KERNEL_UNCERTAINTY_MARK_REPLAY_PENALTY	app_runtime	runtime/app_runtime.py
KERNEL_UNCERTAINTY_NO_PROGRESS_MIN	app_runtime	runtime/app_runtime.py
KERNEL_UNCERTAINTY_REPEAT_MIN	app_runtime	runtime/app_runtime.py
KERNEL_UNCERTAINTY_REVERIFY_BONUS	app_runtime	runtime/app_runtime.py
LAST_UNCERTAINTY_COMMIT_ENABLE	app_runtime	runtime/app_runtime.py
LAST_UNCERTAINTY_FRONTIER_THRESHOLD	app_runtime	runtime/app_runtime.py
LAST_UNCERTAINTY_SCORE_MARGIN	app_runtime	runtime/app_runtime.py
LAST_UNCERTAINTY_UNKNOWN_THRESHOLD	app_runtime	runtime/app_runtime.py
LAYOUT_CELL_SNAPSHOT_INTERVAL_STEPS	app_runtime	runtime/app_runtime.py
LAYOUT_RECALL_MUTATION_CHANCE	app_runtime	runtime/app_runtime.py
LAYOUT_RECALL_MUTATION_DECAY_STEPS	app_runtime	runtime/app_runtime.py
LEARNED_AUTONOMY_EMA_DECAY	app_runtime	runtime/app_runtime.py
LEARNED_AUTONOMY_PHASE1_SCORE	app_runtime	runtime/app_runtime.py
LEARNED_AUTONOMY_PHASE2_SCORE	app_runtime	runtime/app_runtime.py
LEARNED_AUTONOMY_SUBPHASE_ENABLE	app_runtime	runtime/app_runtime.py
LEARNED_AUTONOMY_UNRESOLVED_TARGET	app_runtime	runtime/app_runtime.py
LEARNED_AUTONOMY_WARMUP_STEPS	app_runtime	runtime/app_runtime.py
LOCAL_MAP_AUTHORITY_MODE	app_runtime	runtime/app_runtime.py
LOCAL_MAP_AUTHORITY_SOFT_SCALE	app_runtime	runtime/app_runtime.py
LOCAL_NAVIGATION_API_FALLBACK	app_runtime	runtime/config.py
LOCAL_NAVIGATION_KERNEL	app_runtime	runtime/config.py
LOGIC_CONFIDENCE_THRESHOLD	app_runtime	runtime/app_runtime.py
LONG_LOOP_ESCAPE_EMERGENCY_NO_PROGRESS_DELTA	app_runtime	runtime/app_runtime.py
LONG_LOOP_ESCAPE_ENABLE	app_runtime	runtime/app_runtime.py
LONG_LOOP_ESCAPE_MIN_UNKNOWN	app_runtime	runtime/app_runtime.py
LONG_LOOP_ESCAPE_NO_PROGRESS_MIN	app_runtime	runtime/app_runtime.py
LONG_LOOP_ESCAPE_REPEAT_MIN	app_runtime	runtime/app_runtime.py
LONG_LOOP_ESCAPE_SCORE_MARGIN	app_runtime	runtime/app_runtime.py
LONG_LOOP_SUBTYPE_DECAY_STEPS	app_runtime	runtime/app_runtime.py
LONG_LOOP_SUBTYPE_LEARNING_ENABLE	app_runtime	runtime/app_runtime.py
LONG_LOOP_SUBTYPE_LEARNING_RATE	app_runtime	runtime/app_runtime.py
LONG_LOOP_SUBTYPE_MAX_PENALTY	app_runtime	runtime/app_runtime.py
LONG_LOOP_SUBTYPE_MIN_REPEAT_PRESSURE	app_runtime	runtime/app_runtime.py
LONG_LOOP_SUBTYPE_PENALTY_SCALE	app_runtime	runtime/app_runtime.py
LONG_LOOP_SUBTYPE_RELIEF_SCALE	app_runtime	runtime/app_runtime.py
LONG_RUN_ADAPTIVE_PROGRESS_REPORT_INTERVAL_STEPS	app_runtime	runtime/app_runtime.py
LONG_RUN_ADAPTIVE_SAVE_INTERVAL_STEPS	app_runtime	runtime/app_runtime.py
LONG_RUN_CAUSE_EFFECT_PRUNING_INTERVAL_STEPS	app_runtime	runtime/app_runtime.py
LONG_RUN_LAYOUT_CELL_SNAPSHOT_INTERVAL_STEPS	app_runtime	runtime/app_runtime.py
LONG_RUN_MEMORY_VIEWER_REFRESH_INTERVAL_STEPS	app_runtime	runtime/app_runtime.py
LONG_RUN_MODE_DEFAULT_ON	app_runtime	runtime/app_runtime.py
LONG_RUN_RUNTIME_GUARD_BLEND	app_runtime	runtime/app_runtime.py
LONG_RUN_RUNTIME_NORMALIZE_ENABLE	app_runtime	runtime/app_runtime.py
LONG_RUN_STEP_HYGIENE_FULL_GC_INTERVAL_STEPS	app_runtime	runtime/app_runtime.py
LONG_RUN_STEP_HYGIENE_INTERVAL_STEPS	app_runtime	runtime/app_runtime.py
LONG_RUN_STM_PRUNING_INTERVAL_STEPS	app_runtime	runtime/app_runtime.py
LONG_RUN_STRUCTURAL_MEMORY_SNAPSHOT_INTERVAL_STEPS	app_runtime	runtime/app_runtime.py
LONG_TRAP_MEMORY_MAX_HITS	app_runtime	runtime/app_runtime.py
LONG_TRAP_MEMORY_MAX_PENALTY	app_runtime	runtime/app_runtime.py
LONG_TRAP_MEMORY_PENALTY_WEIGHT	app_runtime	runtime/app_runtime.py
LOOK_AROUND_PREVIEW_MS	app_runtime	runtime/app_runtime.py
LOOP_COMMITMENT_PENALTY	app_runtime	runtime/app_runtime.py
LOOP_ENTROPY_THRESHOLD	app_runtime	runtime/app_runtime.py
LOOP_ENTROPY_WINDOW	app_runtime	runtime/app_runtime.py
LOOP_RISK_MARK_ENABLE	app_runtime	runtime/app_runtime.py
LOOP_RISK_MARK_MIN_VISITS	app_runtime	runtime/app_runtime.py
LOOP_RISK_MARK_PENALTY	app_runtime	runtime/app_runtime.py
LOOP_RISK_MARK_REPEAT_THRESHOLD	app_runtime	runtime/app_runtime.py
LOOP_RISK_MARK_UNKNOWN_MAX	app_runtime	runtime/app_runtime.py
MACHINE_VISION_BEAM_EQUIVALENT_MAX_SELF_ERROR	app_runtime	runtime/app_runtime.py
MACHINE_VISION_BEAM_EQUIVALENT_MIN_CONF	app_runtime	runtime/app_runtime.py
MACHINE_VISION_CELLMAP_FORCE_READY	app_runtime	runtime/app_runtime.py
MACHINE_VISION_CELLMAP_INIT_ENABLE	app_runtime	runtime/app_runtime.py
MACHINE_VISION_CELLMAP_KERNEL_BIAS_WEIGHT	app_runtime	runtime/app_runtime.py
MACHINE_VISION_CELLMAP_KERNEL_HINT_ENABLE	app_runtime	runtime/app_runtime.py
MACHINE_VISION_CELLMAP_KERNEL_MIN_CONF	app_runtime	runtime/app_runtime.py
MACHINE_VISION_CELLMAP_MIN_ACCURACY	app_runtime	runtime/app_runtime.py
MACHINE_VISION_CELLMAP_MIN_CONFIDENCE	app_runtime	runtime/app_runtime.py
MACHINE_VISION_CELLMAP_MIN_CONFIDENT_ACCURACY	app_runtime	runtime/app_runtime.py
MACHINE_VISION_CELLMAP_OVERLAY_ENABLE	app_runtime	runtime/app_runtime.py
MACHINE_VISION_CELLMAP_OVERLAY_SHOW_TEXT	app_runtime	runtime/app_runtime.py
MACHINE_VISION_CELLMAP_REFINE_PASSES_PER_CHECK	app_runtime	runtime/app_runtime.py
MACHINE_VISION_ENABLE	app_runtime	runtime/app_runtime.py
MACHINE_VISION_EXIT_LOCALIZATION_ENABLE	app_runtime	runtime/app_runtime.py
MACHINE_VISION_EXIT_LOCALIZATION_TRAIN_ENABLE	app_runtime	runtime/app_runtime.py
MACHINE_VISION_KERNEL_EXIT_BIAS_WEIGHT	app_runtime	runtime/app_runtime.py
MACHINE_VISION_KERNEL_HINT_ENABLE	app_runtime	runtime/app_runtime.py
MACHINE_VISION_KERNEL_HINT_MIN_CONF	app_runtime	runtime/app_runtime.py
MACHINE_VISION_PLAYER_LOCALIZATION_ENABLE	app_runtime	runtime/app_runtime.py
MACHINE_VISION_PLAYER_LOCALIZATION_TRAIN_ENABLE	app_runtime	runtime/app_runtime.py
MACHINE_VISION_UNSEEN_CONFIDENCE_FLOOR	app_runtime	runtime/app_runtime.py
MACHINE_VISION_UNSEEN_RANDOM_EXPLORE_CHANCE	app_runtime	runtime/app_runtime.py
MACHINE_VISION_UNSEEN_TEMPERATURE	app_runtime	runtime/app_runtime.py
MAX_REPEAT_EXECUTIONS	app_runtime	runtime/app_runtime.py
MAX_STEP_ITERATIONS	app_runtime	runtime/app_runtime.py
MAZE_AGENT_CORRIDOR_ESCAPE_THRESHOLD	app_runtime	runtime/app_runtime.py
MAZE_AGENT_CORRIDOR_FORWARD_BIAS	app_runtime	runtime/app_runtime.py
MAZE_AGENT_CORRIDOR_OVERUSE_PENALTY	app_runtime	runtime/app_runtime.py
MAZE_AGENT_CORRIDOR_OVERUSE_THRESHOLD	app_runtime	runtime/app_runtime.py
MAZE_AGENT_CYCLE_TABOO_DURATION	app_runtime	runtime/app_runtime.py
MAZE_AGENT_DEAD_END_PENALTY	app_runtime	runtime/app_runtime.py
MAZE_AGENT_ENABLE	app_runtime	runtime/app_runtime.py
MAZE_AGENT_ESCAPE_EXIT_PRESSURE	app_runtime	runtime/app_runtime.py
MAZE_AGENT_ESCAPE_TIMEOUT	app_runtime	runtime/app_runtime.py
MAZE_AGENT_FRONTIER_WEIGHT	app_runtime	runtime/app_runtime.py
MAZE_AGENT_JUNCTION_BONUS	app_runtime	runtime/app_runtime.py
MAZE_AGENT_LOOP_RISK_WEIGHT	app_runtime	runtime/app_runtime.py
MAZE_AGENT_MOTIF_WEIGHT	app_runtime	runtime/app_runtime.py
MAZE_AGENT_NOVELTY_WEIGHT	app_runtime	runtime/app_runtime.py
MAZE_AGENT_SIDE_OPEN_BIAS	app_runtime	runtime/app_runtime.py
MAZE_ASCII_VISIBLE_ONLY	app_runtime	runtime/app_runtime.py
MAZE_BATCH_MICRO_PROGRESSION_ASSIST_RELIANCE_FLOOR	app_runtime	runtime/app_runtime.py
MAZE_BATCH_MICRO_PROGRESSION_CURVE	app_runtime	runtime/app_runtime.py
MAZE_BATCH_MICRO_PROGRESSION_CYCLE_AVOID_MARGIN_REDUCTION	app_runtime	runtime/app_runtime.py
MAZE_BATCH_MICRO_PROGRESSION_ENABLE	app_runtime	runtime/app_runtime.py
MAZE_BATCH_MICRO_PROGRESSION_GUARD_STRENGTH_REDUCTION	app_runtime	runtime/app_runtime.py
MAZE_BATCH_MICRO_PROGRESSION_MAX_HARD_PHASE_BONUS	app_runtime	runtime/app_runtime.py
MAZE_BATCH_MICRO_PROGRESSION_MAX_OBJECTIVE_PHASE_BONUS	app_runtime	runtime/app_runtime.py
MAZE_BATCH_MICRO_PROGRESSION_MIN_RUN	app_runtime	runtime/app_runtime.py
MAZE_BATCH_MICRO_PROGRESSION_OBJECTIVE_UNRESOLVED_BONUS	app_runtime	runtime/app_runtime.py
MAZE_BATCH_MICRO_PROGRESSION_START_RATIO	app_runtime	runtime/app_runtime.py
MAZE_BATCH_MICRO_PROGRESSION_STUCK_TRIGGER_NO_PROGRESS_BONUS	app_runtime	runtime/app_runtime.py
MAZE_BATCH_MICRO_PROGRESSION_STUCK_TRIGGER_REPEAT_BONUS	app_runtime	runtime/app_runtime.py
MAZE_BATCH_PROGRESS_TOTAL	app_runtime	runtime/app_runtime.py
MAZE_FAST_SOLVE_TREAT_ENABLE	app_runtime	runtime/app_runtime.py
MAZE_FAST_SOLVE_TREAT_MAX_BONUS	app_runtime	runtime/app_runtime.py
MAZE_FAST_SOLVE_TREAT_MIN_TARGET_SECONDS	app_runtime	runtime/app_runtime.py
MAZE_FAST_SOLVE_TREAT_TARGET_MULTIPLIER	app_runtime	runtime/app_runtime.py
MAZE_FOV_CONE_DEGREES	app_runtime	runtime/app_runtime.py
MAZE_FOV_CORNER_GRAZE_FACTOR	app_runtime	runtime/app_runtime.py
MAZE_FOV_DEPTH	app_runtime	runtime/app_runtime.py
MAZE_FOV_DISTANCE_FALLOFF	app_runtime	runtime/app_runtime.py
MAZE_FOV_FULL_THRESHOLD	app_runtime	runtime/app_runtime.py
MAZE_FOV_HALF_THRESHOLD	app_runtime	runtime/app_runtime.py
MAZE_FOV_LATERAL_BAND_CELLS	app_runtime	runtime/app_runtime.py
MAZE_FOV_LATERAL_EXTRA_DEGREES	app_runtime	runtime/app_runtime.py
MAZE_FOV_LATERAL_FLOOR_MARGIN	app_runtime	runtime/app_runtime.py
MAZE_FOV_LATERAL_NEAR_DEPTH	app_runtime	runtime/app_runtime.py
MAZE_FOV_PERIPHERAL	app_runtime	runtime/app_runtime.py
MAZE_FOV_WEDGE_DISTANCE_SCALE	app_runtime	runtime/app_runtime.py
MAZE_MAP_DOUBT_COOLDOWN_STEPS	app_runtime	runtime/app_runtime.py
MAZE_MAP_DOUBT_ENABLE	app_runtime	runtime/app_runtime.py
MAZE_MAP_DOUBT_REPEAT_THRESHOLD	app_runtime	runtime/app_runtime.py
MAZE_MAP_DOUBT_STALL_THRESHOLD	app_runtime	runtime/app_runtime.py
MAZE_MICRO_PROGRESSION_BATCH_QUALITY_EMA_DECAY	app_runtime	runtime/app_runtime.py
MAZE_MICRO_PROGRESSION_PERSIST_ENABLE	app_runtime	runtime/app_runtime.py
MAZE_MICRO_PROGRESSION_PERSIST_MIN_BATCH_QUALITY_EMA	app_runtime	runtime/app_runtime.py
MAZE_MICRO_PROGRESSION_PERSIST_MIN_COMPLETED_GOALS	app_runtime	runtime/app_runtime.py
MAZE_MICRO_PROGRESSION_PERSIST_MIN_COMPLETION_RATIO	app_runtime	runtime/app_runtime.py
MAZE_MICRO_PROGRESSION_PERSIST_MIN_RUN	app_runtime	runtime/app_runtime.py
MAZE_MICRO_PROGRESSION_PERSIST_REQUIRE_SUCCESS	app_runtime	runtime/app_runtime.py
MAZE_MICRO_PROGRESSION_REGRESSION_ENABLE	app_runtime	runtime/app_runtime.py
MAZE_MICRO_PROGRESSION_REGRESSION_FAIL_STREAK	app_runtime	runtime/app_runtime.py
MAZE_MICRO_PROGRESSION_REGRESSION_MAX_BATCH_QUALITY_EMA	app_runtime	runtime/app_runtime.py
MAZE_MICRO_PROGRESSION_REGRESSION_MAX_COMPLETION_RATIO	app_runtime	runtime/app_runtime.py
MAZE_MICRO_PROGRESSION_REGRESSION_MIN_COMPLETED_GOALS	app_runtime	runtime/app_runtime.py
MAZE_MICRO_PROGRESSION_REGRESSION_MIN_RUN	app_runtime	runtime/app_runtime.py
MAZE_MICRO_PROGRESSION_REGRESSION_REQUIRE_FAILURE	app_runtime	runtime/app_runtime.py
MAZE_MICRO_PROGRESSION_REGRESSION_STEP_COUNT	app_runtime	runtime/app_runtime.py
MAZE_MICRO_PROGRESSION_SERIES_BASE	app_runtime	runtime/app_runtime.py
MAZE_MICRO_PROGRESSION_SERIES_STEP	app_runtime	runtime/app_runtime.py
MAZE_MICRO_PROGRESSION_THRESHOLDS	app_runtime	runtime/app_runtime.py
MAZE_MICRO_PROGRESS_TOTAL	app_runtime	runtime/app_runtime.py
MAZE_MODEL_ASSIST_COOLDOWN_STEPS	app_runtime	runtime/app_runtime.py
MAZE_MODEL_ASSIST_MAX_CALLS_PER_EPISODE	app_runtime	runtime/app_runtime.py
MAZE_MODEL_ASSIST_RELIANCE	app_runtime	runtime/app_runtime.py
MAZE_PERSONALITY_VARIATION	app_runtime	runtime/app_runtime.py
MAZE_PLATEAU_EXTRA_HARD_DIFFICULTY	app_runtime	runtime/app_runtime.py
MAZE_PLATEAU_EXTRA_HARD_ENABLE	app_runtime	runtime/app_runtime.py
MAZE_PLATEAU_EXTRA_HARD_MAX_TRIGGERS	app_runtime	runtime/app_runtime.py
MAZE_PLATEAU_EXTRA_HARD_MIN_BATCH_LOOP	app_runtime	runtime/app_runtime.py
MAZE_PLATEAU_EXTRA_HARD_RUNS	app_runtime	runtime/app_runtime.py
MAZE_PLATEAU_EXTRA_HARD_STREAK	app_runtime	runtime/app_runtime.py
MAZE_PROJECTION_BACKTRACE_ESCAPE_WEIGHT	app_runtime	runtime/app_runtime.py
MAZE_PROJECTION_BACKTRACE_PENALTY_WEIGHT	app_runtime	runtime/app_runtime.py
MAZE_PROJECTION_BACKTRACE_WINDOW	app_runtime	runtime/app_runtime.py
MAZE_PROJECTION_FORWARD_DEPTH	app_runtime	runtime/app_runtime.py
MAZE_PROJECTION_FORWARD_WEIGHT	app_runtime	runtime/app_runtime.py
MAZE_PROJECTION_MODULE_ENABLE	app_runtime	runtime/app_runtime.py
MAZE_PROJECTION_SCORE_INFLUENCE_CAP	app_runtime	runtime/app_runtime.py
MAZE_PROJECTION_SCORE_INFLUENCE_SCALE	app_runtime	runtime/app_runtime.py
MAZE_SEED	app_runtime	runtime/app_runtime.py
MAZE_STEP_LIMIT_RESET_ENABLE	app_runtime	runtime/app_runtime.py
MAZE_STEP_MODEL_HINTS	app_runtime	runtime/app_runtime.py
MAZE_STUCK_NO_PROGRESS_THRESHOLD	app_runtime	runtime/app_runtime.py
MAZE_STUCK_PREDICTION_BIAS_SCALE	app_runtime	runtime/app_runtime.py
MAZE_STUCK_PREDICTION_CONF_FLOOR	app_runtime	runtime/app_runtime.py
MAZE_STUCK_REEXPLORE_COOLDOWN_STEPS	app_runtime	runtime/app_runtime.py
MAZE_STUCK_REEXPLORE_ENABLE	app_runtime	runtime/app_runtime.py
MAZE_STUCK_REPEAT_THRESHOLD	app_runtime	runtime/app_runtime.py
MAZE_STUCK_TRANSITION_REPEAT_BOOST	app_runtime	runtime/app_runtime.py
MAZE_STUCK_TRANSITION_REVERSE_BOOST	app_runtime	runtime/app_runtime.py
MAZE_STUCK_WINDOW	app_runtime	runtime/app_runtime.py
MAZE_TARGETED_MODEL_ASSIST_ENABLE	app_runtime	runtime/app_runtime.py
MEDIUM_DEAD_END_SCALE	app_runtime	runtime/app_runtime.py
MEMORY_EVENT_LOG_MAXLEN	app_runtime	runtime/app_runtime.py
MEMORY_EXPORT_ASCII_MAX_LINES	app_runtime	runtime/app_runtime.py
MEMORY_EXPORT_DEBUG_LIMIT	app_runtime	runtime/app_runtime.py
MEMORY_EXPORT_LOG_LIMIT	app_runtime	runtime/app_runtime.py
MEMORY_EXPORT_SECTION_LIMIT	app_runtime	runtime/app_runtime.py
MEMORY_EXPORT_STRIP_LOOK_SECTIONS	app_runtime	runtime/app_runtime.py
MEMORY_RISK_REPLAY_GUARD_DECAY_THRESHOLD	app_runtime	runtime/app_runtime.py
MEMORY_RISK_REPLAY_GUARD_ENABLE	app_runtime	runtime/app_runtime.py
MEMORY_RISK_REPLAY_GUARD_MAX_DETOUR	app_runtime	runtime/app_runtime.py
MEMORY_RISK_REPLAY_GUARD_MIN_REPEAT	app_runtime	runtime/app_runtime.py
MEMORY_RISK_REPLAY_GUARD_SCORE_MARGIN	app_runtime	runtime/app_runtime.py
MEMORY_VIEWER_REFRESH_INTERVAL_STEPS	app_runtime	runtime/app_runtime.py
MICRO_FRONTIER_STALL_DISAMBIGUATION_COOLDOWN_STEPS	app_runtime	runtime/app_runtime.py
MICRO_FRONTIER_STALL_DISAMBIGUATION_ENABLE	app_runtime	runtime/app_runtime.py
MICRO_FRONTIER_STALL_DISAMBIGUATION_MIN_REPEAT	app_runtime	runtime/app_runtime.py
MICRO_FRONTIER_STALL_DISAMBIGUATION_NO_PROGRESS_CAP	app_runtime	runtime/app_runtime.py
MICRO_FRONTIER_STALL_DISAMBIGUATION_STREAK_CAP	app_runtime	runtime/app_runtime.py
MICRO_FRONTIER_STALL_ENABLE	app_runtime	runtime/app_runtime.py
MICRO_FRONTIER_STALL_ESCAPE_EMERGENCY_NO_PROGRESS_DELTA	app_runtime	runtime/app_runtime.py
MICRO_FRONTIER_STALL_ESCAPE_NO_PROGRESS_MIN	app_runtime	runtime/app_runtime.py
MICRO_FRONTIER_STALL_ESCAPE_REPEAT_MIN	app_runtime	runtime/app_runtime.py
MICRO_FRONTIER_STALL_ESCAPE_SCORE_MARGIN	app_runtime	runtime/app_runtime.py
MICRO_FRONTIER_STALL_FRONTIER_MAX	app_runtime	runtime/app_runtime.py
MICRO_FRONTIER_STALL_INCLUDE_CLOSURE_POCKETS	app_runtime	runtime/app_runtime.py
MICRO_FRONTIER_STALL_NO_PROGRESS_MIN	app_runtime	runtime/app_runtime.py
MICRO_FRONTIER_STALL_REPEAT_MIN	app_runtime	runtime/app_runtime.py
MICRO_FRONTIER_STALL_SCORE_ESCAPE_BONUS_SCALE	app_runtime	runtime/app_runtime.py
MICRO_FRONTIER_STALL_SCORE_LOOP_PENALTY_SCALE	app_runtime	runtime/app_runtime.py
MICRO_FRONTIER_STALL_SCORE_MAX_BONUS	app_runtime	runtime/app_runtime.py
MICRO_FRONTIER_STALL_SCORE_MAX_PENALTY	app_runtime	runtime/app_runtime.py
MICRO_FRONTIER_STALL_SOFT_ENABLE	app_runtime	runtime/app_runtime.py
MICRO_FRONTIER_STALL_SOFT_MARGIN	app_runtime	runtime/app_runtime.py
MICRO_FRONTIER_STALL_SOFT_REPEAT_BOOST	app_runtime	runtime/app_runtime.py
MICRO_FRONTIER_STALL_SOFT_RISK_BOOST	app_runtime	runtime/app_runtime.py
MICRO_FRONTIER_STALL_SOFT_SIGNAL_BONUS	app_runtime	runtime/app_runtime.py
MICRO_FRONTIER_STALL_UNKNOWN_MAX	app_runtime	runtime/app_runtime.py
MICRO_FRONTIER_STALL_WINDOW_STEPS	app_runtime	runtime/app_runtime.py
MV_BOOTSTRAP_EXIT_MIN_CONF	app_runtime	runtime/app_runtime.py
MV_BOOTSTRAP_MAX_SELF_ERROR	app_runtime	runtime/app_runtime.py
MV_BOOTSTRAP_ROUTE_ENABLE	app_runtime	runtime/app_runtime.py
MV_BOOTSTRAP_SELF_MIN_CONF	app_runtime	runtime/app_runtime.py
MV_PREPLAN_ACQUIRE_MAX_SWEEPS	app_runtime	runtime/app_runtime.py
MV_PREPLAN_EXIT_MIN_CONF	app_runtime	runtime/app_runtime.py
MV_PREPLAN_MAX_SELF_ERROR	app_runtime	runtime/app_runtime.py
MV_PREPLAN_REQUIRE_EXIT	app_runtime	runtime/app_runtime.py
MV_PREPLAN_SELF_MIN_CONF	app_runtime	runtime/app_runtime.py
MV_PREPLAN_SWEEP_ENABLE	app_runtime	runtime/app_runtime.py
MV_ROUTE_PLANNING_MODE_ENABLE	app_runtime	runtime/app_runtime.py
NARROW_CORRIDOR_PENALTY	app_runtime	runtime/app_runtime.py
NORMAL_MODE_ADAPTIVE_PROGRESS_AUTO_TUNE	app_runtime	runtime/app_runtime.py
NORMAL_MODE_ADAPTIVE_PROGRESS_REPORT	app_runtime	runtime/app_runtime.py
NORMAL_MODE_GAME_MOVE_DELAY_MS	app_runtime	runtime/app_runtime.py
NORMAL_MODE_LOOK_AROUND_PREVIEW_MS	app_runtime	runtime/app_runtime.py
NORMAL_MODE_SLEEP_AFTER_LOG_DUMP	app_runtime	runtime/app_runtime.py
NORMAL_MODE_SLEEP_AFTER_MAZE_COMPLETION	app_runtime	runtime/app_runtime.py
NO_PROGRESS_REPEAT_PENALTY	app_runtime	runtime/app_runtime.py
OBJECTIVE_EXCITEMENT_CONFIDENCE_BLEND	app_runtime	runtime/app_runtime.py
OBJECTIVE_EXCITEMENT_DECAY	app_runtime	runtime/app_runtime.py
OBJECTIVE_EXCITEMENT_ENABLE	app_runtime	runtime/app_runtime.py
OBJECTIVE_EXCITEMENT_EXIT_BOOST	app_runtime	runtime/app_runtime.py
OBJECTIVE_EXCITEMENT_MAX	app_runtime	runtime/app_runtime.py
OBJECTIVE_EXCITEMENT_PATH_BOOST	app_runtime	runtime/app_runtime.py
OBJECTIVE_EXCITEMENT_PROGRESS_WEIGHT	app_runtime	runtime/app_runtime.py
OBJECTIVE_EXCITEMENT_SCORE_WEIGHT	app_runtime	runtime/app_runtime.py
OBJECTIVE_OVERRIDE_SAFE_MAX_FRONTIER	app_runtime	runtime/app_runtime.py
OBJECTIVE_OVERRIDE_SAFE_MAX_UNKNOWN	app_runtime	runtime/app_runtime.py
OBJECTIVE_UNRESOLVED_FORCE_REPEAT_DELTA_MAX	app_runtime	runtime/app_runtime.py
OBJECTIVE_UNRESOLVED_FORCE_REQUIRE_REPEAT_IMPROVEMENT	app_runtime	runtime/app_runtime.py
OBJECTIVE_UNRESOLVED_FORCE_SCORE_MARGIN	app_runtime	runtime/app_runtime.py
OBJECTIVE_UNRESOLVED_FORCE_SCORE_MARGIN_REDUCTION	app_runtime	runtime/app_runtime.py
OPENAI_AGENT_MODEL	app_runtime	runtime/config.py
OPENAI_API_KEY	app_runtime	runtime/app_runtime.py,web_app.py
OPENAI_LOGIC_MODEL	app_runtime	runtime/config.py
OPENAI_MODEL	app_runtime	web_app.py
ORGANISM_CONTROL_ENABLE	app_runtime	runtime/app_runtime.py
ORGANISM_RECENT_WINDOW	app_runtime	runtime/app_runtime.py
PARALLEL_REASONING_ADAPTIVE_WEIGHT	app_runtime	runtime/app_runtime.py
PARALLEL_REASONING_DELIBERATIVE_WEIGHT	app_runtime	runtime/app_runtime.py
PARALLEL_REASONING_DELIB_CONTRADICTION_PENALTY_WEIGHT	app_runtime	runtime/app_runtime.py
PARALLEL_REASONING_DELIB_FRONTIER_WEIGHT	app_runtime	runtime/app_runtime.py
PARALLEL_REASONING_DELIB_HAZARD_PENALTY_WEIGHT	app_runtime	runtime/app_runtime.py
PARALLEL_REASONING_DELIB_LOOKAHEAD_WEIGHT	app_runtime	runtime/app_runtime.py
PARALLEL_REASONING_DELIB_LOOP_PENALTY_WEIGHT	app_runtime	runtime/app_runtime.py
PARALLEL_REASONING_DELIB_UNKNOWN_WEIGHT	app_runtime	runtime/app_runtime.py
PARALLEL_REASONING_EMA_DECAY	app_runtime	runtime/app_runtime.py
PARALLEL_REASONING_ENGINE_ENABLE	app_runtime	runtime/app_runtime.py
PARALLEL_REASONING_LOCAL_WEIGHT	app_runtime	runtime/app_runtime.py
PARALLEL_REASONING_MAX_BRANCHES	app_runtime	runtime/app_runtime.py
PARALLEL_REASONING_MIN_CONFIDENCE	app_runtime	runtime/app_runtime.py
PARALLEL_REASONING_PROFILE	app_runtime	runtime/app_runtime.py
PARALLEL_REASONING_WARMUP_STEPS	app_runtime	runtime/app_runtime.py
PORT	app_runtime	web_app.py
POST_RESET_EXHAUSTION_PENALTY	app_runtime	runtime/app_runtime.py
POST_RESET_STM_RELAX_STEPS	app_runtime	runtime/app_runtime.py
PREDICTION_CONFIDENCE_BUCKETS	app_runtime	runtime/app_runtime.py
PREDICTION_CONFIDENT_THRESHOLD	app_runtime	runtime/app_runtime.py
PREDICTION_CONFIDENT_WRONG_PENALTY	app_runtime	runtime/app_runtime.py
PREDICTION_CONTEXT_CONFIDENCE_BLEND	app_runtime	runtime/app_runtime.py
PREDICTION_CONTEXT_CONTRADICTION_VERIFICATION_TRIGGER	app_runtime	runtime/app_runtime.py
PREDICTION_CONTEXT_MIN_SUPPORT	app_runtime	runtime/app_runtime.py
PREDICTION_CONTEXT_TRUST_HIGH_SHAPE_ACC	app_runtime	runtime/app_runtime.py
PREDICTION_CONTEXT_TRUST_LOW_SHAPE_ACC	app_runtime	runtime/app_runtime.py
PREDICTION_CONTRADICTION_CONTEXT_SCALE	app_runtime	runtime/app_runtime.py
PREDICTION_CONTRADICTION_LOCAL_SCALE	app_runtime	runtime/app_runtime.py
PREDICTION_CONTRADICTION_MAX_SUPPRESSION	app_runtime	runtime/app_runtime.py
PREDICTION_CONTRADICTION_VERIFICATION_TRIGGER	app_runtime	runtime/app_runtime.py
PREDICTION_DEAD_END_BIAS_WEIGHT	app_runtime	runtime/app_runtime.py
PREDICTION_JUNCTION_BIAS_WEIGHT	app_runtime	runtime/app_runtime.py
PREDICTION_LOOKAHEAD_DISCOUNT	app_runtime	runtime/app_runtime.py
PREDICTION_LOOKAHEAD_ENABLE	app_runtime	runtime/app_runtime.py
PREDICTION_LOOKAHEAD_WEIGHT	app_runtime	runtime/app_runtime.py
PREDICTION_OCCUPANCY_SCORE_WEIGHT	app_runtime	runtime/app_runtime.py
PREDICTION_PLANNING_MIN_CONF	app_runtime	runtime/app_runtime.py
PREDICTION_PRIOR_BLEND	app_runtime	runtime/app_runtime.py
PREDICTION_REWARD_CORRECT	app_runtime	runtime/app_runtime.py
PREDICTION_SHAPE_OBSERVABILITY_MIN_NEIGHBORS	app_runtime	runtime/app_runtime.py
PREDICTION_SHAPE_REQUIRE_OBSERVABILITY	app_runtime	runtime/app_runtime.py
PREDICTION_SHAPE_SCORE_WEIGHT	app_runtime	runtime/app_runtime.py
PREDICTION_WRONG_LEARNING_CREDIT_SCALE	app_runtime	runtime/app_runtime.py
PREDICTION_WRONG_LEARNING_REWARD	app_runtime	runtime/app_runtime.py
PREDICTION_WRONG_OCCUPANCY_PENALTY	app_runtime	runtime/app_runtime.py
PREDICTION_WRONG_SHAPE_PENALTY	app_runtime	runtime/app_runtime.py
PROJECTION_TRUST_ADAPT_ENABLE	app_runtime	runtime/app_runtime.py
PROJECTION_TRUST_EMA_DECAY	app_runtime	runtime/app_runtime.py
PROJECTION_TRUST_MAX_SCALE	app_runtime	runtime/app_runtime.py
PROJECTION_TRUST_MIN_SCALE	app_runtime	runtime/app_runtime.py
PROJECTION_TRUST_WARMUP_STEPS	app_runtime	runtime/app_runtime.py
PSEUDO3D_MAX_DEPTH	app_runtime	runtime/app_runtime.py
RECENT_CYCLE_WINDOW	app_runtime	runtime/app_runtime.py
REPEAT_CONFIDENCE_THRESHOLD	app_runtime	runtime/app_runtime.py
RESET_FAILURE_CELL_PENALTY	app_runtime	runtime/app_runtime.py
RESET_FAILURE_TRANSITION_PENALTY	app_runtime	runtime/app_runtime.py
RESET_MAZE_KNOWLEDGE_ON_STEP_LIMIT	app_runtime	runtime/app_runtime.py
RESET_SUCCESS_TRANSITION_BONUS	app_runtime	runtime/app_runtime.py
RESET_TRACE_WINDOW	app_runtime	runtime/app_runtime.py
REVISIT_DEAD_END_ENTRANCE_PENALTY	app_runtime	runtime/app_runtime.py
REVISIT_PENALTY_WEIGHT	app_runtime	runtime/app_runtime.py
SEMANTIC_MAX_ROWS	app_runtime	runtime/app_runtime.py
SEMANTIC_PROMOTION_THRESHOLD	app_runtime	runtime/app_runtime.py
SEMANTIC_REINFORCE_COOLDOWN_STEPS	app_runtime	runtime/app_runtime.py
SHALLOW_DEAD_END_PENALTY_BASE	app_runtime	runtime/app_runtime.py
SLEEP_CYCLE_ACTION_OUTCOME_KEEP_ROWS	app_runtime	runtime/app_runtime.py
SLEEP_CYCLE_AUTO_AFTER_LOG_DUMP	app_runtime	runtime/app_runtime.py
SLEEP_CYCLE_AUTO_AFTER_MAZE_COMPLETION	app_runtime	runtime/app_runtime.py
SLEEP_CYCLE_AUTO_AFTER_RUN_SET	app_runtime	runtime/app_runtime.py
SLEEP_CYCLE_AUTO_INTERVAL_STEPS	app_runtime	runtime/app_runtime.py
SLEEP_CYCLE_ENABLE	app_runtime	runtime/app_runtime.py
SLEEP_CYCLE_ENDOCRINE_EVENT_KEEP	app_runtime	runtime/app_runtime.py
SLEEP_CYCLE_HORMONE_DECAY_PASSES	app_runtime	runtime/app_runtime.py
SLEEP_CYCLE_HORMONE_EXTREME_THRESHOLD	app_runtime	runtime/app_runtime.py
SLEEP_CYCLE_HORMONE_PRUNE_ENABLE	app_runtime	runtime/app_runtime.py
SLEEP_CYCLE_HORMONE_PULL_STRENGTH	app_runtime	runtime/app_runtime.py
SLEEP_CYCLE_LOG_RLE_ENABLE	app_runtime	runtime/app_runtime.py
SLEEP_CYCLE_LOG_RLE_MIN_RUN	app_runtime	runtime/app_runtime.py
SLEEP_CYCLE_MEMORY_EVENT_KEEP	app_runtime	runtime/app_runtime.py
SLEEP_CYCLE_PREDICTION_KEEP_ROWS	app_runtime	runtime/app_runtime.py
SLEEP_CYCLE_USAGE_BOOST	app_runtime	runtime/app_runtime.py
SLEEP_CYCLE_USAGE_RECENT_WINDOW_STEPS	app_runtime	runtime/app_runtime.py
SLEEP_CYCLE_VACUUM_ON_AUTO	app_runtime	runtime/app_runtime.py
SLEEP_CYCLE_VACUUM_ON_MANUAL	app_runtime	runtime/app_runtime.py
SOLVED_REGION_PENALTY	app_runtime	runtime/app_runtime.py
SPATIAL_BRANCH_LOOKAHEAD_DEPTH	app_runtime	runtime/app_runtime.py
SPATIAL_BRANCH_RISK_MAX_PENALTY	app_runtime	runtime/app_runtime.py
SPATIAL_BRANCH_RISK_WEIGHT	app_runtime	runtime/app_runtime.py
SPATIAL_EXIT_RECALL_ENABLE	app_runtime	runtime/app_runtime.py
SPATIAL_EXIT_RECALL_HALF_LIFE_STEPS	app_runtime	runtime/app_runtime.py
SPATIAL_EXIT_RECALL_LEARNING_RATE	app_runtime	runtime/app_runtime.py
SPATIAL_EXIT_RECALL_MAX_BONUS	app_runtime	runtime/app_runtime.py
SPATIAL_EXIT_RECALL_MAX_PENALTY	app_runtime	runtime/app_runtime.py
SPATIAL_EXIT_RECALL_PROGRESS_WEIGHT	app_runtime	runtime/app_runtime.py
SPATIAL_MEMORY_ENABLE	app_runtime	runtime/app_runtime.py
SPATIAL_TRANSITION_DECAY_STEPS	app_runtime	runtime/app_runtime.py
SPATIAL_TRANSITION_LEARNING_RATE	app_runtime	runtime/app_runtime.py
SPATIAL_TRANSITION_MAX_BIAS	app_runtime	runtime/app_runtime.py
SPATIAL_TRANSITION_REWARD_SCALE	app_runtime	runtime/app_runtime.py
SPATIAL_TRANSITION_SAMPLE_SATURATION	app_runtime	runtime/app_runtime.py
STEP_HYGIENE_CONTEXT_CACHE_MAX	app_runtime	runtime/app_runtime.py
STEP_HYGIENE_ENABLE	app_runtime	runtime/app_runtime.py
STEP_HYGIENE_ENDOCRINE_LOG_KEEP_SOFT_CAP	app_runtime	runtime/app_runtime.py
STEP_HYGIENE_FULL_GC_INTERVAL_STEPS	app_runtime	runtime/app_runtime.py
STEP_HYGIENE_INTERVAL_STEPS	app_runtime	runtime/app_runtime.py
STEP_HYGIENE_LOG_KEEP_SOFT_CAP	app_runtime	runtime/app_runtime.py
STEP_HYGIENE_PATTERN_CACHE_MAX	app_runtime	runtime/app_runtime.py
STM_ACCESS_UNUSED_PRUNE_CHANCE	app_runtime	runtime/app_runtime.py
STM_ACCESS_UNUSED_PRUNE_MAX_ROWS	app_runtime	runtime/app_runtime.py
STM_ACCESS_UNUSED_PRUNE_MIN_AGE_STEPS	app_runtime	runtime/app_runtime.py
STM_DECAY_RATE	app_runtime	runtime/app_runtime.py
STM_FAMILIAR_RESAMPLE_INTERVAL	app_runtime	runtime/app_runtime.py
STM_MAX_ROWS	app_runtime	runtime/app_runtime.py
STM_PRUNE_THRESHOLD	app_runtime	runtime/app_runtime.py
STM_PRUNING_INTERVAL_STEPS	app_runtime	runtime/app_runtime.py
STM_REINFORCE_ALPHA	app_runtime	runtime/app_runtime.py
STRICT_AUTHORITY_RISK_MEMORY_MIN_SCALE	app_runtime	runtime/app_runtime.py
STRICT_PROGRESS_GUARD	app_runtime	runtime/app_runtime.py
STRUCTURAL_MEMORY_MAX_ROWS	app_runtime	runtime/app_runtime.py
STRUCTURAL_MEMORY_SNAPSHOT_INTERVAL_STEPS	app_runtime	runtime/app_runtime.py
STRUCTURAL_RECALL_FRONTIER_GUARD_SCALE	app_runtime	runtime/app_runtime.py
STRUCTURAL_RECALL_PENALTY_WEIGHT	app_runtime	runtime/app_runtime.py
STRUCTURAL_RECALL_WINDOW	app_runtime	runtime/app_runtime.py
TARGET_DISTANCE_MAX_RATIO	app_runtime	runtime/app_runtime.py
TARGET_DISTANCE_MIN_RATIO	app_runtime	runtime/app_runtime.py
TERMINAL_CORRIDOR_HARD_VETO_PENALTY	app_runtime	runtime/app_runtime.py
TERMINAL_END_GUARD_MARGIN	app_runtime	runtime/app_runtime.py
TERMINAL_END_HARD_AVOID	app_runtime	runtime/app_runtime.py
TERMINAL_OVERRIDE_REQUIRE_REPEAT_IMPROVEMENT_UNRESOLVED	app_runtime	runtime/app_runtime.py
TERMINAL_OVERRIDE_UNRESOLVED_MARGIN_REDUCTION	app_runtime	runtime/app_runtime.py
TERMINAL_TRUST_ADAPT_ENABLE	app_runtime	runtime/app_runtime.py
TERMINAL_TRUST_EMA_DECAY	app_runtime	runtime/app_runtime.py
TERMINAL_TRUST_HARD_AVOID_MIN_SCALE	app_runtime	runtime/app_runtime.py
TERMINAL_TRUST_MAX_SCALE	app_runtime	runtime/app_runtime.py
TERMINAL_TRUST_MIN_SCALE	app_runtime	runtime/app_runtime.py
TERMINAL_TRUST_WARMUP_STEPS	app_runtime	runtime/app_runtime.py
TIE_RANDOM_REQUIRES_NOVEL	app_runtime	runtime/app_runtime.py
TRANSITION_PRESSURE_REPEAT_PENALTY_WEIGHT	app_runtime	runtime/app_runtime.py
TRAP_CAUSE_EFFECT_PENALTY_SCALE	app_runtime	runtime/app_runtime.py
VERIFICATION_PRIORITY_CONTINUITY_BONUS	app_runtime	runtime/app_runtime.py
VERIFICATION_PRIORITY_ENABLE	app_runtime	runtime/app_runtime.py
VERIFICATION_PRIORITY_FRONTIER_THRESHOLD	app_runtime	runtime/app_runtime.py
VERIFICATION_PRIORITY_MIN_SIGNAL	app_runtime	runtime/app_runtime.py
VERIFICATION_PRIORITY_PREDICTION_SCALE	app_runtime	runtime/app_runtime.py
VERIFICATION_PRIORITY_SCORE_MARGIN	app_runtime	runtime/app_runtime.py
VERIFICATION_PRIORITY_UNKNOWN_THRESHOLD	app_runtime	runtime/app_runtime.py
VISIBLE_EXIT_CORRIDOR_REWARD	app_runtime	runtime/app_runtime.py
VISIBLE_TERMINAL_END_PENALTY	app_runtime	runtime/app_runtime.py
VISION_PROGRESS_CREDIT_ENABLE	app_runtime	runtime/app_runtime.py
VISION_PROGRESS_CREDIT_MIN_CLEAR_RUN	app_runtime	runtime/app_runtime.py
VISION_PROGRESS_CREDIT_SCALE	app_runtime	runtime/app_runtime.py
WERKZEUG_RUN_MAIN	app_runtime	web_app.py
WORKING_MEMORY_LOOK_RETENTION_LIMIT	app_runtime	runtime/app_runtime.py
WORKING_MEMORY_LOOK_RETENTION_STEPS	app_runtime	runtime/app_runtime.py
